,City,Lat,Long,Max Temp,Humidity,Cloudiness,Wind speed,Country,Date
0,bluff,-46.6,168.33,67.26199999999996,72,100,1.34,NZ,1608245755
1,barentsburg,,,,,,,,
2,avarua,-21.21,-159.78,84.46999999999997,79,100,4.1,CK,1608245758
3,mys shmidta,,,,,,,,
4,mount isa,-20.73,139.5,88.06999999999996,55,92,3.6,AU,1608245760
5,benguela,-12.58,13.41,72.53599999999997,75,71,1.22,AO,1608245761
6,port elizabeth,-33.92,25.57,66.46999999999997,93,90,1.5,ZA,1608245763
7,umm lajj,25.02,37.27,68.97200000000004,55,37,4.88,SA,1608245764
8,kruisfontein,-34,24.73,66.27200000000005,85,90,0.45,ZA,1608245765
9,haibowan,,,,,,,,
10,baruun-urt,46.68,113.28,-12.405999999999977,83,0,4.04,MN,1608245767
11,chicama,-7.84,-79.15,68.26999999999995,88,99,4.6,PE,1608245769
12,ushuaia,-54.8,-68.3,43.06999999999996,75,40,17,AR,1608245770
13,tiznit,29.58,-9.5,56.030000000000044,55,0,3.13,MA,1608245771
14,rikitea,-23.12,-134.97,77.558,75,90,7.94,PF,1608245772
15,butaritari,3.07,172.79,81.78800000000004,80,96,5.82,KI,1608245774
16,pisco,-13.7,-76.22,70.06999999999996,77,0,10.3,PE,1608245677
17,hami,42.8,93.45,15.583999999999993,76,100,1.2,CN,1608245776
18,ugoofaaru,5.67,73,80.97799999999997,73,26,1.15,MV,1608245777
19,puerto carreno,6.19,-67.49,80.18599999999998,81,90,1.7,CO,1608245779
20,udachnyy,66.42,112.4,-30.72999999999999,66,0,1.42,RU,1608245780
21,mar del plata,-38,-57.56,88.06999999999996,33,0,5.1,AR,1608245515
22,korla,41.76,86.15,16.79000000000002,89,0,0.42,CN,1608245782
23,new norfolk,-42.78,147.06,65.26400000000004,67,82,1.79,AU,1608245783
24,jardim,-21.48,-56.14,82.58000000000004,64,67,2,BR,1608245714
25,okandja,,,,,,,,
26,cururupu,-1.83,-44.87,77.77400000000002,87,74,1.76,BR,1608245734
27,georgetown,5.41,100.34,75.46999999999997,94,20,1,MY,1608245788
28,albany,42.6,-73.97,20.26400000000003,78,86,1.66,US,1608245789
29,punta arenas,-53.15,-70.92,52.069999999999965,50,0,12.9,CL,1608245790
30,shahdadkot,27.85,67.91,53.24000000000002,39,6,1.08,PK,1608245792
31,halalo,,,,,,,,
32,belushya guba,,,,,,,,
33,sao filipe,14.9,-24.5,73.25600000000003,75,100,5.39,CV,1608245795
34,kudat,6.88,116.85,80.86999999999996,83,20,3.1,MY,1608245796
35,tiksi,71.69,128.87,-14.512000000000008,89,100,1.95,RU,1608245798
36,asosa,10.07,34.53,65.24600000000005,43,29,2.08,ET,1608245799
37,worthing,50.81,-0.37,53.27599999999999,88,100,1.34,GB,1608245800
38,hobart,-42.88,147.33,65.26400000000004,82,75,3.6,AU,1608245542
39,taolanaro,,,,,,,,
40,palabuhanratu,,,,,,,,
41,namatanai,-3.67,152.43,83.04800000000003,77,71,2.65,PG,1608245805
42,cherskiy,68.75,161.3,-22.179999999999993,87,70,2.12,RU,1608245806
43,mataura,-46.19,168.86,67.26199999999996,72,100,1.34,NZ,1608245807
44,grand river south east,,,,,,,,
45,orlik,52.52,99.83,-5.800000000000004,82,85,1.37,RU,1608245809
46,babol,36.55,52.68,50.50399999999995,87,100,1.01,IR,1608245811
47,saskylakh,71.92,114.08,-33.07000000000001,82,63,1.6,RU,1608245812
48,kanbe,16.71,96,73.66999999999996,88,20,1,MM,1608245813
49,paamiut,61.99,-49.67,29.84000000000002,94,83,9.41,GL,1608245814
50,saleaula,,,,,,,,
51,maragogi,-9.01,-35.22,79.26799999999999,77,0,4.97,BR,1608245788
52,hasaki,35.73,140.83,26.86999999999996,79,20,0.5,JP,1608245818
53,hamilton,39.18,-84.53,33.27799999999996,86,90,2.6,US,1608245819
54,bandarbeyla,9.49,50.81,76.65800000000002,85,100,8.99,SO,1608245820
55,castro,-24.79,-50.01,65.28200000000001,95,30,0.51,BR,1608245822
56,ponta delgada,37.73,-25.67,62.86999999999996,93,75,7.7,PT,1608245665
57,torbay,47.67,-52.73,30.46999999999996,92,90,2.6,CA,1608245824
58,tuktoyaktuk,69.45,-133.04,-12.72999999999999,75,90,6.2,CA,1608245825
59,suzun,53.78,82.31,13.711999999999954,93,100,4.19,RU,1608245826
60,hermanus,-34.42,19.23,62.67200000000004,72,9,5.69,ZA,1608245828
61,katsuura,35.13,140.3,37.66999999999996,59,20,3.1,JP,1608245829
62,pushkino,56.02,37.87,34.26799999999999,80,75,7,RU,1608245830
63,burkhala,,,,,,,,
64,kremenki,54.88,37.13,34.06999999999996,100,100,4,RU,1608245832
65,iqaluit,63.75,-68.51,-0.12999999999998835,70,75,6.2,CA,1608245834
66,diapaga,12.07,1.79,76.316,19,65,2.82,BF,1608245835
67,ambatondrazaka,-17.83,48.42,67.02799999999996,89,33,1.36,MG,1608245836
68,kasamwa,-2.85,32.43,66.59600000000006,79,100,1.43,TZ,1608245837
69,yellowknife,62.46,-114.35,-31.737999999999992,73,75,2.6,CA,1608245582
70,san borja,-14.82,-66.85,82.68800000000005,70,17,1.54,BO,1608245839
71,christchurch,-43.53,172.63,67.26199999999996,72,79,8.2,NZ,1608245838
72,busselton,-33.65,115.33,60.27799999999996,75,4,0.89,AU,1608245842
73,barrow,71.29,-156.79,-9.129999999999988,76,1,7.7,US,1608245843
74,tual,-5.67,132.75,84.434,76,100,7.25,ID,1608245844
75,jamestown,42.1,-79.24,29.26400000000003,79,90,3.6,US,1608245700
76,bargal,,,,,,,,
77,gobabis,-22.45,18.97,73.66999999999996,60,6,1.5,NA,1608245848
78,bengkulu,-3.8,102.27,75.05600000000004,85,100,2.09,ID,1608245849
79,gonzales,30.24,-90.92,52.069999999999965,68,1,2.6,US,1608245568
80,vostok,46.49,135.88,-8.283999999999992,92,99,2.19,RU,1608245851
81,flinders,-34.58,150.86,86.26999999999995,60,17,3.13,AU,1608245852
82,kapaa,22.08,-159.32,82.66999999999996,65,1,7.2,US,1608245854
83,bredasdorp,-34.53,20.04,53.86999999999996,71,0,2.1,ZA,1608245855
84,washington,47.5,-120.5,41.26999999999996,84,43,0.45,US,1608245820
85,marcona,,,,,,,,
86,sitka,57.05,-135.33,39.469999999999956,86,90,9.8,US,1608245858
87,qui nhon,13.77,109.23,74.73200000000003,88,97,7.78,VN,1608245859
88,arraial do cabo,-22.97,-42.03,79.06999999999996,74,75,5.1,BR,1608245861
89,cabedelo,-6.98,-34.83,80.86999999999996,78,20,4.6,BR,1608245862
90,port macquarie,-31.43,152.92,86.26999999999995,65,12,0.45,AU,1608245682
91,cidreira,-30.18,-50.21,72.44600000000005,84,20,7.62,BR,1608245864
92,saint-francois,46.42,3.91,43.26799999999999,93,20,0.95,FR,1608245865
93,lebu,-37.62,-73.65,57.127999999999965,77,100,6.38,CL,1608245867
94,kurilsk,45.23,147.88,27.26600000000001,91,99,6.87,RU,1608245868
95,saint-philippe,-21.36,55.77,75.46999999999997,88,75,8.2,RE,1608245869
96,atuona,-9.8,-139.03,79.12400000000002,72,22,6.9,PF,1608245870
97,talara,-4.58,-81.27,70.89800000000002,82,40,5.47,PE,1608245871
98,abomsa,9.98,39.98,61.32200000000004,47,38,1.96,ET,1608245873
99,bathsheba,13.22,-59.52,80.86999999999996,78,40,6.7,BB,1608245874
100,abong mbang,3.98,13.18,68.82799999999997,66,16,1.32,CM,1608245875
101,zhigansk,66.77,123.37,-40.55800000000001,81,90,0.88,RU,1608245876
102,amderma,,,,,,,,
103,sri aman,1.24,111.46,73.66999999999996,100,100,1.06,MY,1608245878
104,hilo,19.73,-155.09,79.06999999999996,69,20,3.1,US,1608245880
105,zhangjiakou,40.81,114.88,7.322000000000035,80,9,3.23,CN,1608245881
106,joshimath,30.57,79.57,33.76400000000003,52,0,2.79,IN,1608245882
107,kavieng,-2.57,150.8,85.55000000000001,71,84,3.72,PG,1608245884
108,illoqqortoormiut,,,,,,,,
109,podor,16.65,-14.96,79.06999999999996,26,0,2.1,MR,1608245886
110,qaanaaq,77.48,-69.36,11.659999999999979,83,100,2.31,GL,1608245888
111,college,64.86,-147.8,-9.129999999999988,56,20,3.6,US,1608245889
112,katete,-0.78,29.75,65.28200000000001,72,98,1.24,UG,1608245890
113,mackay,-21.15,149.2,86.26999999999995,78,90,1,AU,1608245891
114,thompson,55.74,-97.86,-7.329999999999991,83,90,2.6,CA,1608245892
115,tasiilaq,65.61,-37.64,19.66999999999996,67,19,1.5,GL,1608245893
116,bilma,18.69,12.92,64.81400000000004,28,1,3.19,NE,1608245895
117,faya,18.39,42.45,55.66999999999996,93,20,2.1,SA,1608245896
118,ahipara,-35.17,173.17,70.15999999999998,61,8,0.46,NZ,1608245897
119,hobyo,5.35,48.53,79.44800000000004,79,83,6.29,SO,1608245898
120,provideniya,64.38,-173.3,14.269999999999957,78,75,13,RU,1608245899
121,ilulissat,69.22,-51.1,17.86999999999996,72,62,4.1,GL,1608245901
122,isangel,-19.55,169.27,81.21199999999996,64,4,6.08,VU,1608245902
123,puerto ayora,-0.74,-90.35,77.26999999999995,73,0,8.7,EC,1608245903
124,ust-kuyga,70.02,135.6,-29.740000000000023,83,100,1.59,RU,1608245904
125,dikson,73.51,80.55,-22.179999999999993,86,100,10.09,RU,1608245905
126,carnarvon,-24.87,113.63,71.86999999999996,88,0,7.7,AU,1608245907
127,kirakira,-10.45,161.92,87.16999999999996,63,38,1.05,SB,1608245908
128,kieta,-6.22,155.63,84.65,72,64,3.45,PG,1608245909
129,north bend,43.41,-124.22,52.26799999999999,81,90,4.1,US,1608245910
130,saint-augustin,51.23,-58.65,25.501999999999974,94,99,4.69,CA,1608245912
131,vaitupu,,,,,,,,
132,killini,,,,,,,,
133,taoudenni,22.68,-3.98,66.90199999999999,27,0,4.12,ML,1608245915
134,acapulco,16.86,-99.89,82.66999999999996,74,5,4.1,MX,1608245916
135,meadow lake,34.8,-106.54,44.27599999999999,38,90,2.55,US,1608245917
136,karasburg,-28.02,18.75,68.342,32,0,2.24,NA,1608245919
137,babanusah,,,,,,,,
138,bilibino,68.05,166.44,-13.629999999999988,86,10,1.96,RU,1608245921
139,sao jose de piranhas,-7.12,-38.5,83.60600000000002,51,82,0.6,BR,1608245922
140,hihifo,,,,,,,,
141,besuki,-7.73,113.7,78.27799999999996,83,100,1.2,ID,1608245925
142,lompoc,34.64,-120.46,57.469999999999956,67,40,9.3,US,1608245648
143,nouadhibou,20.93,-17.03,66.46999999999997,72,0,9.3,MR,1608245927
144,puerto cortes,,,,,,,,
145,calama,-22.47,-68.93,66.21799999999999,28,18,6.47,CL,1608245785
146,yamada,39.47,141.95,31.261999999999954,85,2,2,JP,1608245931
147,salalah,17.02,54.09,75.46999999999997,69,20,1.5,OM,1608245932
148,touros,-5.2,-35.46,80.86999999999996,78,40,6.2,BR,1608245933
149,geraldton,-28.77,114.6,77.26999999999995,38,0,6.2,AU,1608245925
150,norden,53.6,7.2,46.274000000000015,90,24,3.13,DE,1608245651
151,richards bay,-28.78,32.04,73.68800000000005,82,100,0.29,ZA,1608245906
152,jumla,29.27,82.18,32.306000000000026,54,0,1.72,NP,1608245938
153,tautira,-17.73,-149.15,86.26999999999995,62,40,1.5,PF,1608245939
154,cayenne,4.93,-52.33,79.06999999999996,83,100,2.6,GF,1608245940
155,port alfred,-33.59,26.89,68.26999999999995,93,60,1.17,ZA,1608245941
156,kresttsy,58.25,32.52,30.272000000000038,97,100,1.04,RU,1608245942
157,kasulu,-4.58,30.1,66.07400000000001,86,100,0.82,TZ,1608245944
158,port blair,11.67,92.75,80.29399999999998,81,97,4.29,IN,1608245945
159,alta floresta,-9.88,-56.09,78.89000000000001,73,18,0.66,BR,1608245683
160,winchester,51.07,-1.32,53.27599999999999,87,100,8.2,GB,1608245947
161,naliya,23.27,68.83,61.03399999999999,33,0,4.92,IN,1608245948
162,noumea,-22.28,166.46,83.26400000000004,58,90,4.6,NC,1608245909
163,vaini,-21.2,-175.2,75.46999999999997,94,75,6.7,TO,1608245951
164,carballo,43.21,-8.69,55.66999999999996,82,40,5.1,ES,1608245931
165,macusani,-14.08,-70.43,41.63000000000004,73,43,4,PE,1608245953
166,serov,59.6,60.58,20.911999999999956,96,100,2.61,RU,1608245954
167,guerrero negro,27.98,-114.06,67.65800000000002,26,45,4.69,MX,1608245937
168,aneho,6.23,1.6,80.86999999999996,88,20,3.6,TG,1608245957
169,chokurdakh,70.63,147.92,-3.442,92,100,5.75,RU,1608245920
170,lasa,46.62,10.7,31.261999999999954,74,5,2.1,IT,1608245959
171,hambantota,6.12,81.12,75.46999999999997,88,75,1.83,LK,1608245960
172,kysyl-syr,63.9,122.76,-39.658,80,30,2.04,RU,1608245961
173,gidole,5.65,37.37,57.90199999999997,51,16,2.09,ET,1608245963
174,arman,59.7,150.17,-8.787999999999997,84,78,5.61,RU,1608245964
175,katherine,-14.47,132.27,79.06999999999996,88,90,3.1,AU,1608245965
176,saint-pierre,-21.34,55.48,75.46999999999997,88,75,8.2,RE,1608245966
177,yeppoon,-23.13,150.73,86.26999999999995,58,40,0.5,AU,1608245967
178,kodiak,57.79,-152.41,35.86999999999996,95,90,6.2,US,1608245969
179,serebryansk,49.69,83.29,-5.529999999999994,83,75,1,KZ,1608245970
180,la libertad,-2.23,-80.9,77.26999999999995,73,0,4.1,EC,1608245971
181,tete,-16.16,33.59,75.46999999999997,100,75,1.89,MZ,1608245972
182,atambua,-9.11,124.89,77.91799999999998,84,77,0.94,ID,1608245973
183,bethel,41.37,-73.41,24.277999999999963,73,90,3.1,US,1608245975
184,shimoda,34.67,138.95,39.272000000000034,66,0,0.45,JP,1608245936
185,hervey bay,-25.3,152.85,84.27200000000005,78,75,4.1,AU,1608245977
186,teltow,52.4,13.27,44.27599999999999,93,0,4.1,DE,1608245978
187,raahe,64.68,24.48,10.669999999999959,85,0,4.1,FI,1608245979
188,caravelas,-17.71,-39.25,75.41600000000001,85,0,2.8,BR,1608245723
189,huarmey,-10.07,-78.15,70.66400000000004,78,92,4.11,PE,1608245982
190,bairiki,1.33,172.98,86.26999999999995,74,20,4.6,KI,1608245983
191,amos,48.57,-78.12,5.269999999999957,84,20,1,CA,1608245984
192,santa lucia,27.91,-15.54,64.66999999999996,68,40,6.7,ES,1608245985
193,ardrossan,55.65,-4.81,53.86999999999996,87,90,5.7,GB,1608245987
194,pevek,69.7,170.31,9.841999999999995,90,0,6.22,RU,1608245988
195,marawi,8,124.29,73.27400000000002,96,100,1.79,PH,1608245989
196,manacapuru,-3.3,-60.62,80.86999999999996,88,40,1.5,BR,1608245990
197,arica,-18.48,-70.3,70.06999999999996,73,0,4.6,CL,1608245827
198,salinopolis,-0.61,-47.36,80.97799999999997,81,48,4.77,BR,1608245993
199,sarangani,5.4,125.46,81.80600000000004,76,100,5.34,PH,1608245994
200,nizhneyansk,,,,,,,,
201,narsaq,60.92,-46.05,34.06999999999996,55,96,0.95,GL,1608245996
202,mocuba,-16.84,36.99,74.51600000000002,95,100,1.16,MZ,1608245997
203,port hedland,-20.32,118.57,84.46999999999997,79,53,2.1,AU,1608245999
204,lae,-6.72,146.98,82.66999999999996,74,20,2.6,PG,1608245722
205,bulawayo,-20.15,28.58,66.05600000000004,94,100,3.34,ZW,1608246001
206,faanui,-16.48,-151.75,80.67200000000004,77,31,6.29,PF,1608245917
207,xadani,,,,,,,,
208,manitouwadge,49.12,-85.84,32.26999999999996,68,90,2.1,CA,1608246009
209,itarema,-2.92,-39.92,80.78000000000004,77,100,6.27,BR,1608245732
210,najran,17.49,44.13,53.86999999999996,34,0,2.1,SA,1608246016
211,sao joao da barra,-21.64,-41.05,76.69399999999997,83,80,7.42,BR,1608245753
212,vestmannaeyjar,63.44,-20.27,41.575999999999986,68,62,4.53,IS,1608246019
213,cape town,-33.93,18.42,66.46999999999997,63,0,13.4,ZA,1608245665
214,biak,-0.91,122.88,80.00600000000003,75,100,2.04,ID,1608246023
215,ngunguru,-35.62,174.5,65.46199999999996,71,19,2.16,NZ,1608246025
216,airai,-8.93,125.41,66.10999999999999,100,54,0.98,TL,1608246026
217,muli,2.92,73.57,82.32799999999997,71,1,3.49,MV,1608246027
218,belaya gora,68.53,146.42,-9.92199999999999,90,100,1.59,RU,1608246029
219,bonnyville,54.27,-110.73,10.669999999999959,85,90,8.2,CA,1608245965
220,yagodnoye,62.55,149.67,-17.57199999999999,85,100,1.07,RU,1608246031
221,upernavik,72.79,-56.15,11.317999999999984,82,76,1.6,GL,1608245929
222,ribeira grande,38.52,-28.7,63.17599999999999,84,74,7.68,PT,1608246034
223,buala,-8.14,159.59,85.04600000000005,74,90,2.68,SB,1608246035
224,bambous virieux,-20.34,57.76,77.26999999999995,88,75,6.7,MU,1608246036
225,evensk,61.95,159.23,3.5599999999999774,87,96,6.1,RU,1608246038
226,saldanha,-33.01,17.94,62.86999999999996,67,0,3.1,ZA,1608246039
227,norman wells,65.28,-126.83,-48.72999999999999,63,20,0.93,CA,1608246041
228,haines junction,60.75,-137.51,-1.9299999999999926,77,100,1.29,CA,1608246042
229,zheleznodorozhnyy,55.75,38,34.26799999999999,86,75,4,RU,1608246043
230,amapa,1,-52,75.50600000000003,89,36,1.75,BR,1608246045
231,tecoanapa,16.52,-98.75,82.58000000000004,65,0,4.63,MX,1608246046
232,east london,-33.02,27.91,70.75399999999996,78,98,2.27,ZA,1608246047
233,coahuayana,18.73,-103.68,79.06999999999996,57,75,2.22,MX,1608246048
234,olafsvik,64.89,-23.71,36.932000000000016,81,100,15.64,IS,1608246050
235,chara,56.91,118.26,-19.912000000000006,72,74,0.96,RU,1608246051
236,artyom,40.47,50.33,44.86999999999996,87,90,10.3,AZ,1608246052
237,bayji,34.93,43.49,54.55399999999995,73,0,0.97,IQ,1608246053
238,malanje,-9.54,16.34,63.877999999999965,93,100,2.71,AO,1608246054
239,coihaique,-45.58,-72.07,62.86999999999996,51,40,3.1,CL,1608246056
240,hithadhoo,-0.6,73.08,81.68000000000004,78,8,6.1,MV,1608246057
241,vilhena,-12.74,-60.15,77.26999999999995,78,40,3.6,BR,1608246058
242,caramay,10.18,119.24,79.50199999999998,79,100,3.77,PH,1608246060
243,sokolo,14.73,-6.12,77.66600000000001,19,58,4.21,ML,1608246061
244,umzimvubu,,,,,,,,
245,ust-kamchatsk,,,,,,,,
246,petropavlovsk-kamchatskiy,53.05,158.65,8.869999999999958,78,74,2,RU,1608246064
247,nikolskoye,59.7,30.79,32.26999999999996,98,90,2,RU,1608246066
248,adre,13.47,22.2,61.15999999999998,31,10,6.65,TD,1608246067
249,sinnamary,5.38,-52.95,79.41199999999995,85,100,4.21,GF,1608246068
250,ternate,0.8,127.4,82.66999999999996,75,88,2.67,ID,1608246070
251,arkhangelsk,64.54,40.54,-0.12999999999998835,84,0,1.19,RU,1608246071
252,andapa,-14.65,49.65,68.9,91,44,0.85,MG,1608246072
253,san patricio,28.02,-97.52,61.069999999999965,48,1,6.2,US,1608246074
254,talnakh,69.49,88.4,-0.12999999999998835,77,100,11,RU,1608246075
255,padang,-0.95,100.35,76.47799999999997,77,100,1.39,ID,1608246076
256,shelburne,44.08,-80.2,20.26400000000003,80,24,2.06,CA,1608245940
257,narasannapeta,18.42,84.05,69.02599999999998,78,0,2.03,IN,1608246079
258,severo-kurilsk,50.68,156.12,30.451999999999977,93,41,3.44,RU,1608246080
259,bom jardim,-7.8,-35.59,77.26999999999995,73,40,9.3,BR,1608246081
260,manubah,,,,,,,,
261,contai,21.78,87.75,65.80399999999995,58,1,4.32,IN,1608246020
262,tugulym,57.06,64.64,16.069999999999958,85,75,4,RU,1608246085
263,luderitz,-26.65,15.16,66.46999999999997,68,0,5.7,NA,1608246086
264,yuyao,30.05,121.15,44.86999999999996,87,90,3,CN,1608245959
265,pangnirtung,66.15,-65.71,-0.12999999999998835,77,90,2.6,CA,1608245827
266,sumbawa,,,,,,,,
267,boa vista,2.82,-60.67,84.46999999999997,66,20,1,BR,1608246023
268,maracaibo,10.63,-71.64,81.69800000000004,74,45,5.14,VE,1608246092
269,ancud,-41.87,-73.82,61.069999999999965,72,0,4.6,CL,1608245913
270,shingu,33.73,135.98,41.26999999999996,76,40,3.6,JP,1608246094
271,praia,14.92,-23.51,73.66999999999996,69,40,8.2,CV,1608245825
272,tsihombe,,,,,,,,
273,bambanglipuro,-7.95,110.28,76.51400000000004,87,100,2.82,ID,1608246098
274,penzance,50.12,-5.54,53.86999999999996,100,100,12.3,GB,1608246099
275,katangli,51.71,143.23,4.891999999999996,91,100,6.23,RU,1608246101
276,maumere,-8.62,122.21,81.62599999999999,75,100,2.97,ID,1608246102
277,aklavik,68.22,-135.01,-36.129999999999995,73,20,1,CA,1608246103
278,souillac,-20.52,57.52,77.26999999999995,88,75,6.7,MU,1608246104
279,high level,58.52,-117.14,-18.12999999999999,68,40,3.1,CA,1608245942
280,fairbanks,64.84,-147.72,-9.129999999999988,42,20,4.1,US,1608245974
281,andevoranto,,,,,,,,
282,saint anthony,45.02,-93.22,30.46999999999996,74,90,2.6,US,1608246109
283,duki,30.15,68.57,43.88000000000004,53,0,0.68,PK,1608246110
284,half moon bay,37.46,-122.43,57.469999999999956,71,1,7.7,US,1608246112
285,darhan,49.49,105.92,-2.217999999999982,85,0,3.07,MN,1608246113
286,kajaani,64.23,27.73,3.46999999999996,84,20,0.5,FI,1608246054
287,san quintin,30.48,-115.95,63.03200000000002,57,82,5.22,MX,1608246115
288,rio verde de mato grosso,-18.92,-54.84,85.58599999999997,52,85,0.7,BR,1608246117
289,brigantine,39.41,-74.36,34.26799999999999,69,90,2.1,US,1608246118
290,nanortalik,60.14,-45.24,31.04600000000005,94,93,2.07,GL,1608246119
291,beyneu,45.32,55.2,28.18399999999999,86,8,4.34,KZ,1608245914
292,sangar,63.92,127.47,-39.17199999999998,81,100,0.32,RU,1608246122
293,clyde river,70.47,-68.59,-9.129999999999988,69,75,2.1,CA,1608245922
294,peniche,39.36,-9.38,51.27799999999996,90,92,2.69,PT,1608245842
295,aginskoye,51.1,114.53,-5.224000000000011,85,5,2.44,RU,1608246126
296,yermakovskoye,53.28,92.4,22.31600000000001,96,100,2.4,RU,1608246127
297,alihe,50.57,123.72,-7.312000000000005,81,0,4.05,CN,1608246129
298,longyearbyen,78.22,15.64,12.46999999999996,66,75,10.3,SJ,1608246064
299,craig,40.52,-107.55,30.46999999999996,63,90,3.6,US,1608245882
300,belturbet,54.1,-7.45,53.27599999999999,91,84,1.79,IE,1608246132
301,thaba-tseka,-29.52,28.61,53.977999999999966,81,56,2.19,LS,1608246133
302,southbridge,42.08,-72.03,23.26999999999996,70,99,0.89,US,1608246135
303,namibe,-15.2,12.15,66.65,78,87,1.93,AO,1608246136
304,churapcha,62,132.43,-39.225999999999985,80,100,1.1,RU,1608246137
305,san carlos,9.66,-68.58,79.808,70,52,1.13,VE,1608246138
306,borba,-4.39,-59.59,78.63800000000005,81,100,0.9,BR,1608246140
307,ponta do sol,32.67,-17.1,62.86999999999996,72,40,1.5,PT,1608246141
308,ariquemes,-9.91,-63.04,81.71600000000001,69,34,0.63,BR,1608245998
309,fortuna,40.6,-124.16,52.26799999999999,71,40,5.7,US,1608246143
310,honiara,-9.43,159.95,88.06999999999996,74,20,0.94,SB,1608246144
311,kaitangata,-46.28,169.85,62.27599999999999,72,99,1.79,NZ,1608246104
312,saint augustine,29.89,-81.31,53.86999999999996,66,75,2.1,US,1608246147
313,strezhevoy,60.73,77.59,19.66999999999996,85,75,5,RU,1608246148
314,sorland,67.67,12.69,33.458000000000006,93,100,7.68,NO,1608246149
315,tuatapere,-46.13,167.68,66.27200000000005,73,99,2.24,NZ,1608246151
316,taltal,-25.4,-70.48,66.21799999999999,68,22,2.87,CL,1608246020
317,livingstonia,-10.61,34.11,66.65,87,100,1.09,MW,1608246153
318,lingao,19.91,109.69,60.116000000000014,80,100,6.21,CN,1608246154
319,mayo,38.89,-76.51,37.66999999999996,74,1,4.1,US,1608246155
320,redlands,34.06,-117.18,66.46999999999997,25,40,2.6,US,1608246157
321,ambunti,-4.24,142.84,81.21199999999996,85,37,0.68,PG,1608246158
322,rajshahi,24.37,88.6,59.97200000000004,52,0,3.08,BD,1608246048
323,khatanga,71.97,102.5,-24.501999999999974,81,0,4.94,RU,1608246160
324,esperance,-33.87,121.9,57.469999999999956,76,18,3.6,AU,1608246161
325,santiago del estero,-27.8,-64.26,91.27400000000002,42,53,1.79,AR,1608245902
326,port augusta,-32.5,137.77,62.86999999999996,51,75,7.2,AU,1608246164
327,westport,41.14,-73.36,27.26600000000001,51,84,4.12,US,1608246165
328,karratha,-20.74,116.85,87.83599999999997,50,3,2.35,AU,1608245880
329,panguna,-6.32,155.48,78.92599999999999,82,64,1.23,PG,1608246167
330,srikakulam,18.3,83.9,69.31400000000004,79,0,2.27,IN,1608246137
331,ocean city,39.28,-74.57,35.27599999999999,69,90,2.1,US,1608245921
332,moose factory,51.26,-80.61,21.469999999999956,79,1,5.1,CA,1608246171
333,deer lake,49.17,-57.43,25.069999999999958,100,90,1,CA,1608246172
334,anisoc,1.87,10.77,70.592,95,100,0.7,GQ,1608246173
335,burica,,,,,,,,
336,chuy,-33.7,-53.46,69.72799999999997,87,1,4.92,UY,1608246177
337,vila,42.03,-8.16,48.272000000000034,93,86,2.13,PT,1608246178
338,rovaniemi,66.5,25.72,3.46999999999996,84,0,1.5,FI,1608246097
339,rodez,44.5,2.58,42.27799999999996,93,90,1.5,FR,1608246180
340,emba,48.83,58.14,25.088000000000044,97,100,5.46,KZ,1608246182
341,ratnagiri,16.98,73.3,76.67599999999999,58,0,2.27,IN,1608246183
342,marienburg,54.04,19.03,40.26199999999996,100,100,5.31,PL,1608246184
343,san juan,-31.54,-68.54,93.66799999999998,24,2,8.73,AR,1608246185
344,kilimatinde,-5.85,34.95,70.826,68,59,1.12,TZ,1608246186
345,sept-iles,50.2,-66.38,16.069999999999958,66,5,3.1,CA,1608246123
346,akwatia,6.04,-0.81,74.49800000000002,96,84,1.1,GH,1608246189
347,lincoln,40.8,-96.67,37.274000000000015,74,1,2.6,US,1608246150
348,road town,18.42,-64.62,79.26799999999999,87,45,4.47,VG,1608246191
349,lethem,3.38,-59.8,80.924,71,95,3.83,GY,1608246192
350,kobelyaky,49.15,34.2,34.46600000000001,89,100,1.1,UA,1608246194
351,barawe,,,,,,,,
352,yulara,-25.24,130.99,73.66999999999996,60,75,5.7,AU,1608245936
353,talas,38.69,35.55,39.469999999999956,93,75,0.5,TR,1608246197
354,shakhtinsk,49.71,72.59,5.269999999999957,71,0,3,KZ,1608246198
355,tura,25.52,90.22,54.806000000000026,64,0,0.78,IN,1608246200
356,beringovskiy,63.05,179.32,21.325999999999986,97,100,10.72,RU,1608246201
357,tabiauea,,,,,,,,
358,gat,31.61,34.76,56.26400000000004,100,21,1.12,IL,1608246203
359,victoria,22.29,114.16,59.26999999999996,76,64,4.35,HK,1608246119
360,kaniama,-7.57,24.18,66.95600000000003,95,100,0.35,CD,1608246205
361,moyale,3.52,39.06,68.19800000000004,52,32,4.87,KE,1608246207
362,nerchinskiy zavod,51.31,119.61,-18.021999999999984,79,0,1.59,RU,1608246208
363,kudahuvadhoo,2.67,72.89,82.38200000000002,70,14,3.5,MV,1608245913
364,goundam,16.41,-3.67,78.15199999999999,20,44,3.4,ML,1608246210
365,alibag,18.64,72.88,75.46999999999997,83,1,1.5,IN,1608246212
366,portland,45.52,-122.68,52.26799999999999,76,75,2.6,US,1608245696
367,lata,40.16,-8.33,50.26999999999996,93,0,2.1,PT,1608246214
368,craigieburn,-37.6,144.95,59.26999999999996,58,75,7.7,AU,1608246215
369,ossora,59.24,163.07,9.985999999999965,91,100,3.38,RU,1608246216
370,samusu,,,,,,,,
371,sur,22.57,59.53,65.87599999999999,67,2,0.92,OM,1608246219
372,tumannyy,,,,,,,,
373,ankazoabo,-22.28,44.52,77.93599999999998,60,4,3.1,MG,1608246221
374,araouane,18.9,-3.53,73.21999999999997,20,12,3.86,ML,1608246222
375,aljezur,37.32,-8.8,46.274000000000015,100,28,0.45,PT,1608246224
376,kavaratti,10.57,72.64,82.41799999999998,70,21,3.07,IN,1608246225
377,bolivar,37.61,-93.41,46.66999999999996,52,1,4.1,US,1608246165
378,oranjestad,12.52,-70.03,82.66999999999996,74,20,8.7,AW,1608246227
379,qaqortoq,60.72,-46.03,34.06999999999996,55,88,1.15,GL,1608246228
380,dingle,11,122.67,76.13599999999997,90,100,4.63,PH,1608246230
381,antofagasta,-23.65,-70.4,66.46999999999997,77,75,8.2,CL,1608246231
382,port-gentil,-0.72,8.78,79.06999999999996,88,40,3.1,GA,1608246128
383,trenton,40.22,-74.74,35.86999999999996,97,20,2.49,US,1608246233
384,melchor de mencos,17.07,-89.15,88.06999999999996,62,20,2.1,GT,1608246234
385,nizhniy kuranakh,58.84,125.49,-23.458000000000006,83,100,2.01,RU,1608246236
386,coquimbo,-29.95,-71.34,59.26999999999996,77,75,4.6,CL,1608246010
387,leshukonskoye,64.9,45.76,8.906000000000027,95,22,1.91,RU,1608246238
388,guiratinga,-16.35,-53.76,80.67200000000004,55,27,0.44,BR,1608246239
389,san cristobal,7.77,-72.22,84.46999999999997,66,40,2.1,VE,1608245998
390,conceicao do coite,-11.56,-39.28,75.68599999999998,76,66,5,BR,1608246061
391,abu dhabi,24.47,54.37,66.46999999999997,77,0,1.5,AE,1608246002
392,saurimo,-9.66,20.39,64.21999999999997,97,100,2.16,AO,1608246245
393,port lincoln,-34.73,135.87,59.66600000000001,58,100,3.63,AU,1608246246
394,gamba,-2.65,10,74.75,91,99,1.69,GA,1608246247
395,candawaga,,,,,,,,
396,esna,25.29,32.55,57.57799999999996,63,11,4,EG,1608246250
397,vaitape,-16.52,-151.75,81.48200000000003,76,32,6.31,PF,1608246251
398,henties bay,-22.12,14.28,62.27599999999999,89,37,0.89,NA,1608246252
399,dzhusaly,,,,,,,,
400,xichang,27.9,102.26,36.31999999999996,80,94,2.38,CN,1608246035
401,cabras,39.93,8.53,50.26999999999996,84,0,0.89,IT,1608246256
402,temiscaming,46.72,-79.1,14.269999999999957,78,22,1,CA,1608246257
403,fort saint john,,,,,,,,
404,sal,32.57,35.91,52.069999999999965,87,40,3.1,JO,1608246260
405,avera,33.19,-82.53,41.26999999999996,75,90,4.1,US,1608246261
406,lavrentiya,65.58,-171,7.051999999999975,93,100,10.03,RU,1608246262
407,afgoye,,,,,,,,
408,marovoay,-16.1,46.63,78.44000000000003,80,78,2.19,MG,1608246264
409,inuvik,68.35,-133.72,-28.929999999999993,73,89,1.5,CA,1608246250
410,banamba,13.55,-7.45,75.16400000000004,22,98,3.14,ML,1608246267
411,ridgecrest,35.62,-117.67,61.069999999999965,29,20,11.3,US,1608246265
412,tazovskiy,67.47,78.7,9.10399999999995,96,99,4.57,RU,1608246269
413,kholm,59.27,32.85,25.988000000000046,97,96,0.32,RU,1608246270
414,oxbow,49.23,-102.17,31.261999999999954,88,100,4.02,CA,1608246200
415,pontes e lacerda,-15.23,-59.34,82.04000000000002,60,61,0.31,BR,1608246103
416,meulaboh,4.14,96.13,75.91999999999996,89,100,2.51,ID,1608246274
417,sapatgram,26.33,90.11,57.75800000000001,70,1,0.84,IN,1608246275
418,mafeteng,-29.82,27.24,61.95199999999998,62,28,2.23,LS,1608246276
419,cabo san lucas,22.89,-109.91,76.26199999999996,56,40,3.6,MX,1608246129
420,aykhal,66,111.5,-30.72999999999999,66,0,1.83,RU,1608246279
421,lexington,37.99,-84.48,33.27799999999996,80,90,3.1,US,1608246280
422,kondinskoye,59.65,67.41,17.708000000000006,97,100,4.72,RU,1608246281
423,manakara,-22.13,48.02,76.19000000000003,89,0,3.33,MG,1608246282
424,arkadelphia,34.12,-93.05,50.26999999999996,57,1,3.1,US,1608246284
425,grindavik,63.84,-22.43,39.469999999999956,69,0,12.9,IS,1608246285
426,kotel,42.88,26.45,41.26999999999996,100,90,3.1,BG,1608246286
427,opuwo,-18.06,13.84,68.30600000000004,49,55,2.5,NA,1608246287
428,dunedin,-45.87,170.5,61.26799999999999,76,99,10.28,NZ,1608246234
429,saint george,37.1,-113.58,56.26400000000004,27,75,1.5,US,1608246290
430,yerofey pavlovich,53.97,121.97,-16.978000000000016,84,1,2.11,RU,1608246291
431,yerkoy,39.64,34.47,37.47200000000004,81,0,0.35,TR,1608246292
432,farafangana,-22.82,47.83,76.40600000000003,90,15,3.84,MG,1608246294
433,vitim,59.45,112.56,-3.3160000000000096,88,100,2.96,RU,1608246295
434,goure,13.98,10.27,72.26600000000002,25,72,2.68,NE,1608246296
435,bac lieu,9.29,105.72,75.55999999999997,89,75,3.58,VN,1608246005
436,klaksvik,62.23,-6.59,44.86999999999996,93,1,5.1,FO,1608246298
437,lapeer,43.05,-83.32,30.46999999999996,86,90,0.8,US,1608246300
438,wau,7.7,28,70.826,25,69,2.23,SS,1608246301
439,shahrud,36.42,54.98,36.85999999999998,79,100,0.66,IR,1608246302
440,teguldet,57.31,88.17,16.411999999999956,96,100,5.77,RU,1608246304
441,chastyye,57.29,54.97,19.291999999999994,97,100,3.76,RU,1608246305
442,porto nacional,-10.71,-48.42,88.06999999999996,62,20,1.01,BR,1608246306
443,nyurba,63.28,118.33,-31.720000000000013,84,3,1.4,RU,1608246307
444,shahr-e babak,30.12,55.12,43.79000000000002,59,96,2.4,IR,1608246308
445,beisfjord,68.38,17.6,30.46999999999996,54,90,9.3,NO,1608246310
446,copoya,16.72,-93.08,77.26999999999995,61,20,8.7,MX,1608246311
447,mahebourg,-20.41,57.7,77.26999999999995,88,75,6.7,MU,1608246066
448,praia da vitoria,38.73,-27.07,64.66999999999996,77,20,5.52,PT,1608246313
449,khaniotis,40,23.58,46.274000000000015,94,94,1.99,GR,1608246315
450,gewane,10.17,40.65,70.55600000000004,50,13,0.89,ET,1608246316
451,lagoa,39.05,-27.98,62.81600000000001,80,52,10.16,PT,1608246317
452,barra do garcas,-15.89,-52.26,82.976,51,56,0.94,BR,1608246318
453,lucapa,-8.42,20.74,65.858,98,100,1.12,AO,1608246319
454,nalut,30.33,10.85,55.85,45,61,7.19,LY,1608246321
455,hokitika,-42.72,170.97,61.15999999999998,94,99,1.42,NZ,1608246096
456,bekovo,52.47,43.71,30.938000000000045,99,99,5.37,RU,1608246323
457,roros,62.57,11.38,30.46999999999996,86,100,3.1,NO,1608246324
458,waipawa,-41.41,175.52,70.26799999999999,68,46,8.2,NZ,1608246325
459,palmer,42.16,-72.33,22.261999999999954,73,20,4.1,US,1608246326
460,tsiroanomandidy,-18.77,46.03,71.97799999999997,81,86,2.01,MG,1608246328
461,ozinki,51.18,49.68,18.032000000000018,98,98,3.74,RU,1608246329
462,asau,46.43,26.4,36.266000000000005,93,90,1.5,RO,1608246330
463,rehoboth,-23.32,17.08,74.91199999999995,24,80,2.85,NA,1608246331
464,sovetskaya,44.78,41.17,30.883999999999993,96,28,0.58,RU,1608246333
465,lavumisa,-27.31,31.89,75.46999999999997,83,100,1,SZ,1608246334
466,san vicente de canete,-13.08,-76.38,70.05199999999998,77,95,2.61,PE,1608246335
467,general roca,-39.03,-67.58,88.06999999999996,14,0,1.5,AR,1608246336
468,ukiah,39.15,-123.21,53.86999999999996,54,1,6.2,US,1608246100
469,novellara,44.84,10.73,47.26400000000003,93,100,0.7,IT,1608246339
470,kholodnyy,62.72,147.95,-20.23600000000002,84,100,1.17,RU,1608246340
471,lillooet,50.69,-121.94,45.266000000000005,75,1,6.7,CA,1608246341
472,xuanzhou,30.95,118.76,38.911999999999956,85,100,1,CN,1608246343
473,imeni babushkina,59.76,43.13,18.482000000000014,96,99,3.97,RU,1608246344
474,yuli,9.7,10.27,74.33599999999997,21,100,2.57,NG,1608246345
475,shangrao,28.45,117.97,39.992,90,100,0.41,CN,1608246346
476,havoysund,71,24.66,23.26999999999996,67,29,15.4,NO,1608246347
477,mount gambier,-37.83,140.77,57.469999999999956,58,90,3.6,AU,1608246349
478,rio gallegos,-51.62,-69.22,59.26999999999996,51,40,10.3,AR,1608246350
479,olavarria,-36.89,-60.32,85.26199999999996,29,29,2.24,AR,1608246351
480,plettenberg bay,-34.05,23.37,66.36199999999997,80,72,1.14,ZA,1608246352
481,jackson,42.42,-122.83,48.272000000000034,61,75,2.6,US,1608246241
482,broken hill,-31.95,141.43,59.26999999999996,51,19,10.3,AU,1608246094
483,dicabisagan,17.08,122.42,76.94600000000005,84,97,3.97,PH,1608246356
484,inhambane,-23.86,35.38,78.42200000000004,79,89,3.66,MZ,1608246357
485,homer,59.64,-151.55,30.46999999999996,86,90,4.6,US,1608246358
486,togur,58.36,82.83,19.508000000000003,96,100,5.24,RU,1608246359
487,dolbeau,,,,,,,,
488,jalu,29.03,21.55,56.317999999999984,72,90,3.32,LY,1608246362
489,chernyshevskiy,63.01,112.47,-14.83600000000002,91,99,1.23,RU,1608246363
490,atar,20.52,-13.05,64.88599999999997,39,0,4.56,MR,1608246365
491,attawapiskat,,,,,,,,
492,kazalinsk,,,,,,,,
493,kita,13.03,-9.49,76.71199999999996,22,70,1.54,ML,1608246368
494,teya,60.38,92.63,8.527999999999963,91,100,4.62,RU,1608246369
495,yumen,40.28,97.2,13.082000000000015,83,100,0.81,CN,1608246370
496,hofn,64.25,-15.21,40.658,85,100,8.36,IS,1608246372
497,broome,42.25,-75.83,21.469999999999956,79,90,1.5,US,1608246373
498,matagami,49.75,-77.63,3.46999999999996,84,1,3.1,CA,1608246374
499,moerai,-22.43,-151.33,80.09600000000006,77,98,6.5,PF,1608246375
500,byron bay,-28.65,153.62,81.26600000000002,74,2,4.1,AU,1608246308
501,malindi,-3.22,40.12,78.38599999999997,86,35,3.48,KE,1608246378
502,yueyang,29.33,113.09,38.516000000000005,74,87,1.74,CN,1608246379
503,jacmel,18.23,-72.53,75.70399999999995,75,4,1.1,HT,1608246380
504,fairfield,41.27,-73.32,27.26600000000001,73,90,3.1,US,1608246381
505,japura,-0.32,102.35,72.82400000000001,97,100,1.43,ID,1608246383
506,maltahohe,-24.83,16.98,75.12799999999996,20,38,8.37,NA,1608246384
507,adrar,20.5,-10.07,63.067999999999984,37,0,4.79,MR,1608246385
508,bandar-e lengeh,26.56,54.88,66.07400000000001,71,6,1.8,IR,1608246386
509,richard toll,,,,,,,,
510,laguna,38.42,-121.42,58.26199999999996,67,1,3.6,US,1608246389
511,xinxiang,35.31,113.87,31.027999999999963,77,86,2.19,CN,1608246390
512,mehamn,71.04,27.85,14.269999999999957,72,0,5.7,NO,1608246391
513,tucuman,-26.82,-65.22,91.66999999999996,41,40,7.7,AR,1608246296
514,konya,38.17,32.5,44.86999999999996,65,75,1.5,TR,1608246270
515,hirara,24.8,125.28,66.46999999999997,88,20,2.6,JP,1608246395
516,karaul,,,,,,,,
517,obera,-27.49,-55.12,77.234,62,70,0.91,AR,1608246397
518,kautokeino,69.01,23.04,3.3080000000000034,93,60,5.22,NO,1608246399
519,bima,-8.47,118.72,78.42200000000004,84,100,1.4,ID,1608246400
520,oksfjord,70.24,22.35,23.26999999999996,66,0,6.7,NO,1608246401
521,drezna,55.75,38.85,34.06999999999996,86,75,4,RU,1608246402
522,grand centre,,,,,,,,
523,chapais,49.78,-74.85,-3.7299999999999898,83,1,2.1,CA,1608246405
524,houston,29.76,-95.36,57.469999999999956,35,1,1.23,US,1608245925
525,yar-sale,66.83,70.83,-3.945999999999998,88,91,9.09,RU,1608246407
526,krasnoarmeysk,51.02,45.7,30.272000000000038,86,99,1.34,RU,1608246408
527,takoradi,4.88,-1.76,79.08800000000005,88,4,3.58,GH,1608246409
528,iwaki,37.05,140.88,42.27799999999996,67,10,4.23,JP,1608246411
529,poum,-20.23,164.02,79.66400000000004,66,38,3.76,NC,1608246412
530,necochea,-38.55,-58.74,68.26999999999995,66,52,4.47,AR,1608246413
531,cumana,10.46,-64.18,71.86999999999996,100,28,8.2,VE,1608246414
532,black river,18.03,-77.85,82.66999999999996,69,20,5.1,JM,1608246416
533,iracoubo,5.48,-53.2,79.808,84,100,4.29,GF,1608246417
534,sasykoli,47.55,47,26.258000000000003,95,82,3.36,RU,1608246418
535,riyadh,24.69,46.72,59.26999999999996,51,0,2.1,SA,1608246353
536,zivinice,44.45,18.65,32.26999999999996,79,20,0.5,BA,1608246420
537,toora-khem,52.47,96.11,7.430000000000039,91,100,1.08,RU,1608246422
538,ola,59.58,151.28,-7.186000000000021,85,100,5.74,RU,1608246423
539,havelock,34.88,-76.9,45.266000000000005,84,12,0.89,US,1608246424
540,palembang,-2.92,104.75,77.26999999999995,88,40,3.1,ID,1608246425
541,skagastrond,,,,,,,,
542,vao,-22.67,167.48,76.08200000000002,74,55,8.54,NC,1608246428
543,niono,14.25,-5.99,78.368,18,100,4.09,ML,1608246429
544,voyvozh,62.89,54.96,4.298000000000023,93,95,3.79,RU,1608246430
545,port hardy,50.7,-127.42,46.66999999999996,81,75,1.5,CA,1608246431
546,savannah bight,16.45,-85.85,84.46999999999997,70,20,2.6,HN,1608246433
547,ixtapa,20.7,-105.2,75.46999999999997,78,90,3.6,MX,1608246434
548,gushikawa,26.35,127.87,64.66999999999996,82,90,5.7,JP,1608246435
549,san jose,37.34,-121.89,58.26199999999996,66,75,6.2,US,1608246380
550,mbandaka,0.05,18.26,73.77799999999996,89,100,2.5,CD,1608246437
551,valparaiso,-33.04,-71.63,62.27599999999999,77,14,4.1,CL,1608246439
552,uusikaupunki,60.8,21.41,34.06999999999996,100,90,4.1,FI,1608246440
553,boguchany,58.38,97.45,9.824000000000012,94,98,1.93,RU,1608246441
554,walvis bay,-22.96,14.51,62.86999999999996,82,12,2.1,NA,1608246192
555,tabuk,17.42,121.44,71.924,90,92,1.49,PH,1608246444
556,wulanhaote,,,,,,,,
557,sun prairie,43.18,-89.21,30.46999999999996,63,75,0.23,US,1608246446
558,aqtobe,50.28,57.21,25.069999999999958,85,90,4,KZ,1608246283
559,zhangye,38.93,100.45,15.22400000000001,80,100,1.53,CN,1608246449
560,nome,64.5,-165.41,0.2660000000000089,59,1,7.2,US,1608246243
561,berlevag,70.86,29.09,16.069999999999958,66,0,5.7,NO,1608246451
562,nemuro,43.32,145.57,25.951999999999977,86,6,8.76,JP,1608246354
563,dangtu,31.57,118.49,39.469999999999956,64,99,1,CN,1608246454
564,mount barker,-35.07,138.87,60.27799999999996,59,90,1.34,AU,1608246455
565,pradera,3.42,-76.24,80.86999999999996,61,75,5.7,CO,1608246456
566,kemijarvi,66.71,27.43,7.753999999999952,94,17,1.38,FI,1608246457
567,paradwip,,,,,,,,
568,viedma,-40.81,-63,77.80999999999997,18,100,4.1,AR,1608246460
569,santa rosa,14.31,121.11,77.26999999999995,94,75,1,PH,1608246461
570,tosya,41.02,34.04,36.10399999999995,83,28,0.58,TR,1608246462
571,tilichiki,60.47,166.1,3.6679999999999815,94,100,4.91,RU,1608246463
572,one hundred mile house,,,,,,,,
573,abu kamal,34.45,40.92,55.274000000000015,67,0,1.54,SY,1608246466
574,siniscola,40.57,9.69,50.26999999999996,100,40,1,IT,1608246467
575,mudgal,16.02,76.43,66.542,84,0,2.35,IN,1608246468
576,robertsport,6.75,-11.37,80.13200000000002,80,75,3.77,LR,1608246470
577,gangotri,,,,,,,,
578,cockburn town,21.46,-71.14,79.7,81,15,4.61,TC,1608246472
579,la ronge,55.1,-105.28,5.269999999999957,84,100,4.1,CA,1608246473
580,port keats,-14.25,129.55,79.826,84,100,1.41,AU,1608246474
581,campina verde,-19.54,-49.49,79.57400000000001,67,100,2.82,BR,1608246476
582,papasquiaro,,,,,,,,
583,quatre cocos,-20.21,57.76,77.26999999999995,88,75,6.7,MU,1608246479
584,kabirwala,30.41,71.87,43.06999999999996,87,0,0.38,PK,1608246480
585,grand island,40.92,-98.34,34.26799999999999,69,1,3.6,US,1608246377
586,kedainiai,55.29,23.97,37.66999999999996,90,68,5.1,LT,1608246482
587,pemba,-12.97,40.52,80.86999999999996,83,20,2.6,MZ,1608246483
588,micomeseng,2.15,10.62,70.12400000000002,99,90,1.2,GQ,1608246485
589,kaeo,-35.1,173.78,70.826,56,1,2.73,NZ,1608246486
590,camacha,33.08,-16.33,61.069999999999965,72,40,0.5,PT,1608246487
591,shaunavon,49.65,-108.42,30.46999999999996,74,81,3.1,CA,1608246488
592,miraflores,19.22,-98.81,71.86999999999996,26,75,3.1,MX,1608246489
593,barbar,,,,,,,,
594,manggar,-2.88,108.27,79.86199999999997,82,100,4.04,ID,1608246492
595,mosquera,4.71,-74.23,64.66999999999996,48,40,2.1,CO,1608246493
596,camana,-16.62,-72.71,69.89000000000001,72,56,2.55,PE,1608246494
597,oktyabrskoye,43.06,44.74,32.26999999999996,95,48,2,RU,1608246495
598,mathbaria,22.29,89.96,62.74399999999997,60,0,3.11,BD,1608246497
599,kyaikto,17.3,97.02,73.058,79,10,1.21,MM,1608246498
600,tromso,69.65,18.96,25.069999999999958,58,0,8.7,NO,1608246295
601,oranjemund,-28.55,16.43,62.63599999999997,89,62,6.89,NA,1608246500
